,H2,O2,N2,CH4,CO,CO2,C2H4,C2H6,C2H2,Dielectric rigidity,Water content,Life expectation,Health index,R1,R2,R3,R4,R5,R6
7,3,15459,41347,5,68,902,12,2,13,71,6,19.0,73.2,1.6666666666666667,1.0833333333333333,2.6,0.15384615384615385,6.0,13.264705882352942
8,16,2470,59600,8,520,2660,5,8,2,56,4,6.0,72.8,0.5,0.4,0.25,4.0,0.625,5.115384615384615
10,4,26100,60600,1,206,1440,13,0,13,56,4,6.0,63.4,0.25,1.0,13.0,0.0,0.0,6.990291262135922
11,4,21800,46200,0,75,655,3,0,11,53,5,6.0,63.4,0.0,3.6666666666666665,0.0,0.0,0.0,8.733333333333333
22,122,294,73100,50,372,2180,69,31,0,35,19,6.0,59.3,0.4098360655737705,0.0,0.0,0.0,2.225806451612903,5.860215053763441
23,106,581,75200,47,760,4070,11,30,0,29,5,6.1,58.3,0.44339622641509435,0.0,0.0,0.0,0.36666666666666664,5.355263157894737
24,95,1760,80800,72,488,3050,10,36,0,55,12,6.1,58.0,0.7578947368421053,0.0,0.0,0.0,0.2777777777777778,6.25
25,87,362,76100,47,560,3920,5,31,0,52,4,17.5,57.4,0.5402298850574713,0.0,0.0,0.0,0.16129032258064516,7.0
26,79,699,75700,72,508,3810,83,42,0,48,5,7.4,56.0,0.9113924050632911,0.0,0.0,0.0,1.9761904761904763,7.5
28,76,324,71700,45,904,5220,10,27,0,45,8,6.5,55.1,0.5921052631578947,0.0,0.0,0.0,0.37037037037037035,5.774336283185841
29,14,17600,44300,0,161,2010,22,0,0,49,16,6.6,51.6,0.0,0.0,0.0,0.0,0.0,12.48447204968944
30,14,2750,29500,12,54,5190,0,0,0,55,3,15.2,51.6,0.8571428571428571,0.0,0.0,0.0,0.0,96.11111111111111
31,40,2350,65000,8,538,2480,9,0,1,56,62,29.1,51.5,0.2,0.1111111111111111,0.125,0.0,0.0,4.609665427509293
32,5,9400,37100,4,496,2720,3,0,1,56,51,29.1,51.5,0.8,0.3333333333333333,0.25,0.0,0.0,5.483870967741935
33,7,12300,32200,0,302,3640,3,0,1,55,36,29.1,51.5,0.0,0.3333333333333333,0.0,0.0,0.0,12.052980132450331
49,135,5091,48792,33,568,1301,3,5,0,66,3,30.0,50.3,0.24444444444444444,0.0,0.0,0.0,0.6,2.290492957746479
50,0,219,56900,4,20,507,30,49,67,50,3,30.2,50.0,0.0,2.2333333333333334,16.75,0.7313432835820896,0.6122448979591837,25.35
51,38,3127,16464,11,177,727,28,3,19,75,38,30.3,49.9,0.2894736842105263,0.6785714285714286,1.7272727272727273,0.15789473684210525,9.333333333333334,4.107344632768362
54,52,387,68400,37,936,6130,8,21,0,56,4,17.4,49.1,0.7115384615384616,0.0,0.0,0.0,0.38095238095238093,6.549145299145299
55,30,413,19600,39,140,2690,17,48,0,56,7,17.5,49.0,1.3,0.0,0.0,0.0,0.3541666666666667,19.214285714285715
56,24,455,21700,41,186,2790,10,65,0,52,3,17.5,48.9,1.7083333333333333,0.0,0.0,0.0,0.15384615384615385,15.0
57,21,425,33000,32,217,3030,9,47,0,53,4,17.6,48.5,1.5238095238095237,0.0,0.0,0.0,0.19148936170212766,13.963133640552995
58,59,645,56000,20,267,2300,9,15,0,52,4,17.7,48.5,0.3389830508474576,0.0,0.0,0.0,0.6,8.614232209737828
59,104,1450,76500,37,357,3220,11,11,0,54,8,6.1,48.3,0.3557692307692308,0.0,0.0,0.0,1.0,9.019607843137255
60,3,19700,67600,0,108,1480,10,0,0,53,28,6.5,48.2,0.0,0.0,0.0,0.0,0.0,13.703703703703704
61,40,24800,53300,9,84,919,17,12,0,51,4,17.9,48.2,0.225,0.0,0.0,0.0,1.4166666666666667,10.94047619047619
62,35,1920,73500,6,202,1310,20,0,0,49,8,6.5,48.2,0.17142857142857143,0.0,0.0,0.0,0.0,6.485148514851486
63,3,1900,81300,37,234,2800,10,102,0,47,6,17.9,48.2,12.333333333333334,0.0,0.0,0.0,0.09803921568627451,11.965811965811966
64,0,693,50600,43,68,2770,4,91,0,52,10,6.1,48.2,0.0,0.0,0.0,0.0,0.04395604395604396,40.73529411764706
65,28,9950,47300,16,245,1290,0,3,0,49,4,17.9,48.2,0.5714285714285714,0.0,0.0,0.0,0.0,5.26530612244898
66,25,15500,50700,3,267,1180,0,0,0,43,4,17.9,48.2,0.12,0.0,0.0,0.0,0.0,4.419475655430712
67,25,508,54500,12,317,2750,4,14,0,56,4,17.9,48.2,0.48,0.0,0.0,0.0,0.2857142857142857,8.675078864353312
68,23,888,74700,16,914,3420,5,6,0,47,7,6.5,48.2,0.6956521739130435,0.0,0.0,0.0,0.8333333333333334,3.7417943107221006
69,9,10700,42300,2,308,1970,0,4,0,57,9,6.5,48.2,0.2222222222222222,0.0,0.0,0.0,0.0,6.396103896103896
70,9,738,56000,10,294,1960,4,17,0,56,7,6.5,48.2,1.1111111111111112,0.0,0.0,0.0,0.23529411764705882,6.666666666666667
71,4,408,38700,22,105,1100,7,47,0,57,7,17.9,48.2,5.5,0.0,0.0,0.0,0.14893617021276595,10.476190476190476
72,8,1060,55300,14,235,1850,6,22,0,56,3,17.8,48.2,1.75,0.0,0.0,0.0,0.2727272727272727,7.872340425531915
73,7,376,54700,13,205,1780,4,15,0,55,4,17.9,48.2,1.8571428571428572,0.0,0.0,0.0,0.26666666666666666,8.682926829268293
74,7,425,50500,9,317,2690,4,15,0,55,8,6.5,48.2,1.2857142857142858,0.0,0.0,0.0,0.26666666666666666,8.485804416403786
75,7,15700,46800,2,373,3470,28,0,0,51,8,6.5,48.2,0.2857142857142857,0.0,0.0,0.0,0.0,9.302949061662199
76,7,1990,58800,10,154,2210,4,18,0,50,1,31.1,48.2,1.4285714285714286,0.0,0.0,0.0,0.2222222222222222,14.35064935064935
77,6,3760,70200,17,277,2200,7,31,0,55,3,31.1,48.2,2.8333333333333335,0.0,0.0,0.0,0.22580645161290322,7.9422382671480145
78,5,378,53100,16,231,2170,5,22,0,54,4,17.9,48.2,3.2,0.0,0.0,0.0,0.22727272727272727,9.393939393939394
79,5,17400,53400,4,296,2750,7,0,0,55,10,6.5,48.2,0.8,0.0,0.0,0.0,0.0,9.29054054054054
80,5,22900,51800,0,149,826,10,0,0,49,10,6.5,48.2,0.0,0.0,0.0,0.0,0.0,5.543624161073826
81,5,20400,42200,0,148,820,17,0,0,52,9,6.5,48.2,0.0,0.0,0.0,0.0,0.0,5.54054054054054
82,4,57,31384,5,89,876,2,6,0,68,7,31.1,48.2,1.25,0.0,0.0,0.0,0.3333333333333333,9.842696629213483
83,4,4740,73200,2,154,1910,8,0,0,52,15,6.5,48.2,0.5,0.0,0.0,0.0,0.0,12.402597402597403
84,4,20200,44700,0,194,2050,66,0,0,54,13,6.5,48.2,0.0,0.0,0.0,0.0,0.0,10.56701030927835
85,3,15400,46100,0,333,1240,18,0,0,35,14,6.5,48.2,0.0,0.0,0.0,0.0,0.0,3.7237237237237237
86,3,20600,42000,0,118,906,18,0,0,57,6,6.5,48.2,0.0,0.0,0.0,0.0,0.0,7.677966101694915
87,3,395,47000,5,47,623,9,11,0,54,9,6.5,48.2,1.6666666666666667,0.0,0.0,0.0,0.8181818181818182,13.25531914893617
88,2,21500,47500,2,106,1040,3,0,0,54,4,17.7,48.2,1.0,0.0,0.0,0.0,0.0,9.81132075471698
89,2,14700,44200,2,297,1780,55,0,0,41,14,6.5,48.2,1.0,0.0,0.0,0.0,0.0,5.993265993265993
90,0,5640,71800,17,305,2200,6,41,0,55,6,6.5,48.2,0.0,0.0,0.0,0.0,0.14634146341463414,7.213114754098361
91,0,21900,48300,2,39,1420,3,7,0,56,9,6.5,48.2,0.0,0.0,0.0,0.0,0.42857142857142855,36.41025641025641
92,0,21200,44200,0,91,1520,0,0,0,50,2,31.1,48.2,0.0,0.0,0.0,0.0,0.0,16.703296703296704
93,0,25900,49700,0,22,399,0,0,0,50,4,17.9,48.2,0.0,0.0,0.0,0.0,0.0,18.136363636363637
94,0,22900,45300,0,66,553,0,0,0,53,5,17.9,48.2,0.0,0.0,0.0,0.0,0.0,8.378787878787879
95,0,21800,52500,3,78,2180,9,8,0,56,6,17.9,48.2,0.0,0.0,0.0,0.0,1.125,27.94871794871795
96,0,2220,58800,13,131,1520,4,22,0,52,4,17.9,48.2,0.0,0.0,0.0,0.0,0.18181818181818182,11.603053435114504
97,0,944,58700,6,266,3530,8,11,0,56,4,17.9,48.2,0.0,0.0,0.0,0.0,0.7272727272727273,13.270676691729323
98,0,27000,56600,0,47,480,0,0,0,51,4,17.9,48.2,0.0,0.0,0.0,0.0,0.0,10.212765957446809
99,0,21600,45800,0,204,2750,5,0,0,52,6,17.9,48.2,0.0,0.0,0.0,0.0,0.0,13.480392156862745
100,0,30800,58700,0,98,1740,4,0,0,53,4,17.7,48.2,0.0,0.0,0.0,0.0,0.0,17.755102040816325
101,0,21700,45600,0,198,2250,6,0,0,55,3,31.1,48.2,0.0,0.0,0.0,0.0,0.0,11.363636363636363
102,0,8380,30800,0,23,180,0,0,0,43,7,6.5,48.2,0.0,0.0,0.0,0.0,0.0,7.826086956521739
103,0,27300,55500,0,32,525,0,0,0,40,19,6.5,48.2,0.0,0.0,0.0,0.0,0.0,16.40625
104,0,19300,45700,0,53,481,0,0,0,47,6,6.5,48.2,0.0,0.0,0.0,0.0,0.0,9.075471698113208
105,0,24800,45700,0,81,514,0,0,0,55,5,17.9,48.2,0.0,0.0,0.0,0.0,0.0,6.345679012345679
106,0,22000,44900,0,122,856,8,0,0,52,7,17.9,48.2,0.0,0.0,0.0,0.0,0.0,7.016393442622951
107,0,14300,65700,7,148,1960,3,13,0,51,2,31.1,48.2,0.0,0.0,0.0,0.0,0.23076923076923078,13.243243243243244
108,18,17600,51700,4,231,1610,0,7,0,49,3,31.1,48.2,0.2222222222222222,0.0,0.0,0.0,0.0,6.96969696969697
109,11,1140,63900,7,540,2980,47,0,0,50,36,6.5,48.2,0.6363636363636364,0.0,0.0,0.0,0.0,5.518518518518518
110,16,7340,71000,5,548,3170,5,0,0,45,8,6.5,48.2,0.3125,0.0,0.0,0.0,0.0,5.7846715328467155
111,12,461,54500,3,69,2150,3,8,0,57,7,6.5,48.2,0.25,0.0,0.0,0.0,0.375,31.159420289855074
112,4,624,44500,36,232,2580,3,54,0,56,8,6.5,48.1,9.0,0.0,0.0,0.0,0.05555555555555555,11.120689655172415
113,114,2359,31861,2,144,707,0,0,0,75,28,31.3,47.9,0.017543859649122806,0.0,0.0,0.0,0.0,4.909722222222222
115,81,23790,64479,10,852,1371,0,0,0,74,4,18.8,45.3,0.12345679012345678,0.0,0.0,0.0,0.0,1.6091549295774648
116,67,5940,41600,14,930,4030,0,5,0,50,2,32.0,40.0,0.208955223880597,0.0,0.0,0.0,0.0,4.333333333333333
118,54,1690,27100,8,554,3990,0,3,0,56,2,32.0,38.4,0.14814814814814814,0.0,0.0,0.0,0.0,7.20216606498195
119,44,1735,41280,1,133,520,0,0,0,74,24,32.0,38.3,0.022727272727272728,0.0,0.0,0.0,0.0,3.9097744360902253
120,37,623,20300,21,888,3690,10,10,0,55,3,32.1,38.3,0.5675675675675675,0.0,0.0,0.0,1.0,4.155405405405405
121,24,35700,85300,5,361,1570,0,0,0,55,7,32.0,38.3,0.20833333333333334,0.0,0.0,0.0,0.0,4.349030470914127
122,24,1330,70800,12,771,2960,3,4,0,50,4,19.0,38.3,0.5,0.0,0.0,0.0,0.75,3.83916990920882
123,22,2820,53100,3,770,2390,3,0,0,43,5,19.0,38.3,0.13636363636363635,0.0,0.0,0.0,0.0,3.103896103896104
124,20,2170,21300,6,307,1960,0,0,0,52,4,19.0,38.3,0.3,0.0,0.0,0.0,0.0,6.384364820846906
125,19,618,20200,15,184,586,2,4,0,47,3,19.1,38.3,0.7894736842105263,0.0,0.0,0.0,0.5,3.1847826086956523
126,8,10600,61600,23,226,4390,0,5,0,52,2,32.0,38.3,2.875,0.0,0.0,0.0,0.0,19.424778761061948
127,8,8710,71900,21,230,5050,0,4,0,55,3,19.1,38.3,2.625,0.0,0.0,0.0,0.0,21.956521739130434
128,7,4973,56032,21,200,4782,0,2,0,66,5,32.0,38.3,3.0,0.0,0.0,0.0,0.0,23.91
129,10,3350,51100,2,678,2360,0,0,0,56,4,19.0,38.3,0.2,0.0,0.0,0.0,0.0,3.4808259587020647
130,9,909,32800,16,279,2820,0,3,0,49,3,32.0,38.3,1.7777777777777777,0.0,0.0,0.0,0.0,10.10752688172043
131,7,8220,55800,18,236,2730,0,4,0,52,2,32.0,38.3,2.5714285714285716,0.0,0.0,0.0,0.0,11.567796610169491
132,7,647,16900,8,152,528,0,0,0,47,3,19.1,38.3,1.1428571428571428,0.0,0.0,0.0,0.0,3.473684210526316
133,7,1430,15400,4,221,268,0,0,0,48,2,32.0,38.3,0.5714285714285714,0.0,0.0,0.0,0.0,1.2126696832579185
134,7,2630,58800,2,784,1410,0,0,0,46,2,32.0,38.3,0.2857142857142857,0.0,0.0,0.0,0.0,1.7984693877551021
135,7,4520,22800,2,157,1080,0,0,0,49,7,6.5,38.3,0.2857142857142857,0.0,0.0,0.0,0.0,6.8789808917197455
136,6,8510,64300,13,291,2050,9,0,0,50,5,19.0,38.3,2.1666666666666665,0.0,0.0,0.0,0.0,7.0446735395189
137,6,13300,36900,0,411,4160,0,0,0,52,55,32.0,38.3,0.0,0.0,0.0,0.0,0.0,10.121654501216545
138,6,6080,40900,5,893,2640,0,0,0,55,12,32.0,38.3,0.8333333333333334,0.0,0.0,0.0,0.0,2.9563269876819707
139,5,12300,70900,17,269,1880,3,5,0,48,2,32.0,38.3,3.4,0.0,0.0,0.0,0.6,6.988847583643123
140,5,12500,48400,3,534,3010,3,0,0,62,3,32.0,38.3,0.6,0.0,0.0,0.0,0.0,5.6367041198501875
141,5,3686,57725,5,158,4331,6,1,0,49,19,6.5,38.3,1.0,0.0,0.0,0.0,6.0,27.411392405063292
142,5,15000,44400,0,230,399,0,0,0,57,4,6.5,38.3,0.0,0.0,0.0,0.0,0.0,1.7347826086956522
143,4,279,20000,8,285,4230,0,4,0,55,3,19.0,38.3,2.0,0.0,0.0,0.0,0.0,14.842105263157896
144,4,13600,37500,3,443,5890,0,7,0,55,77,32.0,38.3,0.75,0.0,0.0,0.0,0.0,13.295711060948081
145,4,17000,56700,1,408,936,0,0,0,48,5,19.0,38.3,0.25,0.0,0.0,0.0,0.0,2.2941176470588234
146,3,20500,44000,0,35,290,0,0,0,48,5,32.0,38.3,0.0,0.0,0.0,0.0,0.0,8.285714285714286
147,3,17400,56700,3,362,2230,4,0,0,48,3,32.0,38.3,1.0,0.0,0.0,0.0,0.0,6.1602209944751385
149,3,22900,48000,0,201,2320,5,0,0,51,4,19.0,38.3,0.0,0.0,0.0,0.0,0.0,11.542288557213931
150,3,23700,49800,0,202,3290,8,0,0,56,4,19.0,38.3,0.0,0.0,0.0,0.0,0.0,16.287128712871286
151,3,21700,43200,0,129,1530,0,0,0,54,21,6.2,38.3,0.0,0.0,0.0,0.0,0.0,11.86046511627907
152,3,19500,42800,0,209,2650,30,0,0,43,23,6.1,38.3,0.0,0.0,0.0,0.0,0.0,12.679425837320574
153,3,18400,45000,0,128,1700,28,0,0,55,12,6.5,38.3,0.0,0.0,0.0,0.0,0.0,13.28125
154,3,14900,56700,0,163,458,0,0,0,50,3,19.0,38.3,0.0,0.0,0.0,0.0,0.0,2.8098159509202456
155,3,12000,35800,0,195,283,0,0,0,55,4,19.0,38.3,0.0,0.0,0.0,0.0,0.0,1.4512820512820512
156,2,24978,76582,2,19,498,0,0,0,55,4,32.0,38.3,1.0,0.0,0.0,0.0,0.0,26.210526315789473
157,2,15900,51300,4,359,2250,0,0,0,49,3,19.0,38.3,2.0,0.0,0.0,0.0,0.0,6.2674094707520895
158,2,24800,54600,3,216,3260,9,0,0,54,6,19.0,38.3,1.5,0.0,0.0,0.0,0.0,15.092592592592593
159,0,24600,50800,0,31,907,9,0,0,53,8,6.5,38.3,0.0,0.0,0.0,0.0,0.0,29.258064516129032
160,0,5010,51800,4,262,845,0,0,0,52,3,19.1,38.3,0.0,0.0,0.0,0.0,0.0,3.2251908396946565
161,0,7520,38100,5,297,778,0,3,0,47,2,32.0,38.3,0.0,0.0,0.0,0.0,0.0,2.6195286195286194
162,0,839,20700,4,458,2830,0,0,0,47,2,32.0,38.3,0.0,0.0,0.0,0.0,0.0,6.179039301310044
163,0,1565,9555,0,111,417,0,0,0,75,7,32.0,38.3,0.0,0.0,0.0,0.0,0.0,3.7567567567567566
164,0,22200,47200,2,223,2650,10,0,0,55,6,19.0,38.3,0.0,0.0,0.0,0.0,0.0,11.883408071748878
165,0,21800,47300,0,249,2510,7,0,0,49,4,32.0,38.3,0.0,0.0,0.0,0.0,0.0,10.080321285140561
166,0,22900,49800,0,205,2190,5,0,0,50,5,19.0,38.3,0.0,0.0,0.0,0.0,0.0,10.682926829268293
167,0,26600,62500,2,209,2190,6,0,0,52,4,32.0,38.3,0.0,0.0,0.0,0.0,0.0,10.47846889952153
168,0,3300,12200,0,118,270,0,0,0,56,3,32.0,38.3,0.0,0.0,0.0,0.0,0.0,2.288135593220339
169,0,1850,61700,0,43,554,0,0,0,51,5,19.0,38.3,0.0,0.0,0.0,0.0,0.0,12.883720930232558
170,0,27200,58900,0,100,609,0,0,0,52,8,6.5,38.3,0.0,0.0,0.0,0.0,0.0,6.09
171,0,24400,47700,0,51,458,0,0,0,56,4,19.0,38.3,0.0,0.0,0.0,0.0,0.0,8.980392156862745
172,0,25200,50000,0,67,462,0,0,0,54,3,32.0,38.3,0.0,0.0,0.0,0.0,0.0,6.895522388059701
173,11,478,19400,11,196,1900,3,5,0,42,2,32.0,38.3,1.0,0.0,0.0,0.0,0.6,9.693877551020408
174,17,5680,59500,16,809,3590,11,0,0,50,3,19.1,38.3,0.9411764705882353,0.0,0.0,0.0,0.0,4.437577255871446
175,12,15200,62800,4,413,4720,5,0,0,56,14,6.5,38.3,0.3333333333333333,0.0,0.0,0.0,0.0,11.428571428571429
176,12,4350,65500,11,870,11100,16,8,0,56,10,6.5,38.3,0.9166666666666666,0.0,0.0,0.0,2.0,12.758620689655173
177,178,4070,27300,144,672,2260,3,10,0,58,12,32.0,38.1,0.8089887640449438,0.0,0.0,0.0,0.3,3.363095238095238
178,10,11900,55100,2,403,1140,6,0,2,30,23,32.0,38.0,0.2,0.3333333333333333,1.0,0.0,0.0,2.8287841191067
179,4,5040,37600,4,597,1440,4,3,2,56,27,32.0,38.0,1.0,0.5,0.5,1.5,1.3333333333333333,2.4120603015075375
180,0,14908,42800,0,52,620,0,0,2,60,7,6.5,38.0,0.0,0.0,0.0,0.0,0.0,11.923076923076923
181,9,578,29200,35,267,1610,52,17,0,50,4,19.0,36.6,3.888888888888889,0.0,0.0,0.0,3.0588235294117645,6.0299625468164795
182,17,3960,36100,29,113,4420,3,5,0,54,2,32.0,36.4,1.7058823529411764,0.0,0.0,0.0,0.6,39.11504424778761
185,14,514,70600,11,674,11700,13,5,1,45,21,6.1,28.1,0.7857142857142857,0.07692307692307693,0.09090909090909091,5.0,2.6,17.359050445103858
186,13,12300,43400,0,309,908,0,0,0,47,26,50.7,26.7,0.0,0.0,0.0,0.0,0.0,2.9385113268608416
187,13,6680,59700,2,236,857,0,0,0,57,4,19.8,26.7,0.15384615384615385,0.0,0.0,0.0,0.0,3.6313559322033897
188,13,283,60700,3,33,649,0,80,0,54,19,50.7,26.7,0.23076923076923078,0.0,0.0,0.0,0.0,19.666666666666668
189,13,3430,16300,3,220,1280,0,0,0,53,3,19.7,26.7,0.23076923076923078,0.0,0.0,0.0,0.0,5.818181818181818
190,13,309,55000,10,121,3340,15,71,0,58,43,50.7,26.7,0.7692307692307693,0.0,0.0,0.0,0.2112676056338028,27.60330578512397
191,14,1170,50900,4,72,1120,3,100,0,60,29,50.7,26.7,0.2857142857142857,0.0,0.0,0.0,0.03,15.555555555555555
192,14,27000,56100,0,27,397,0,0,0,53,7,6.5,26.7,0.0,0.0,0.0,0.0,0.0,14.703703703703704
193,14,437,55000,2,20,645,0,44,0,53,33,50.7,26.7,0.14285714285714285,0.0,0.0,0.0,0.0,32.25
194,14,248,44600,2,35,532,3,73,0,56,26,50.7,26.7,0.14285714285714285,0.0,0.0,0.0,0.0410958904109589,15.2
195,14,305,54800,2,35,517,0,60,0,57,23,50.7,26.7,0.14285714285714285,0.0,0.0,0.0,0.0,14.771428571428572
196,14,2690,10300,3,155,735,0,0,0,54,2,33.9,26.7,0.21428571428571427,0.0,0.0,0.0,0.0,4.741935483870968
197,5,7930,49900,5,709,2310,5,0,1,54,36,50.8,26.6,1.0,0.2,0.2,0.0,0.0,3.258110014104372
198,7,6150,19400,3,320,785,6,0,1,56,19,50.8,26.6,0.42857142857142855,0.16666666666666666,0.3333333333333333,0.0,0.0,2.453125
199,15,18300,52900,4,266,630,13,3,1,52,31,50.8,26.6,0.26666666666666666,0.07692307692307693,0.25,3.0,4.333333333333333,2.3684210526315788
200,227,9987,37210,11,122,2942,8,26,0,52,20,50.8,26.6,0.048458149779735685,0.0,0.0,0.0,0.3076923076923077,24.114754098360656
201,114,7840,70100,2,258,1250,0,0,0,54,25,51.0,23.0,0.017543859649122806,0.0,0.0,0.0,0.0,4.844961240310077
203,91,571,44200,6,80,1860,8,168,0,30,31,51.0,21.9,0.06593406593406594,0.0,0.0,0.0,0.047619047619047616,23.25
204,91,24600,49400,5,31,420,0,6,0,41,9,6.5,21.9,0.054945054945054944,0.0,0.0,0.0,0.0,13.548387096774194
205,89,189,57800,2,50,502,0,44,0,55,37,6.5,21.7,0.02247191011235955,0.0,0.0,0.0,0.0,10.04
206,88,11300,52600,3,530,2640,0,0,0,58,56,51.0,21.6,0.03409090909090909,0.0,0.0,0.0,0.0,4.981132075471698
208,78,294,55700,3,132,892,4,121,0,57,11,51.0,19.5,0.038461538461538464,0.0,0.0,0.0,0.03305785123966942,6.757575757575758
209,73,1100,49947,10,253,2101,1,2,0,61,4,51.0,17.5,0.136986301369863,0.0,0.0,0.0,0.5,8.304347826086957
211,70,371,40100,1,12,1750,7,117,0,53,62,51.0,16.2,0.014285714285714285,0.0,0.0,0.0,0.05982905982905983,145.83333333333334
212,61,440,48800,4,98,909,3,117,0,53,15,51.0,13.9,0.06557377049180328,0.0,0.0,0.0,0.02564102564102564,9.275510204081632
213,61,1670,52600,4,98,591,0,52,0,56,11,51.0,13.9,0.06557377049180328,0.0,0.0,0.0,0.0,6.030612244897959
214,59,587,20100,15,577,6140,5,5,0,54,4,19.0,13.8,0.2542372881355932,0.0,0.0,0.0,1.0,10.641247833622185
215,59,1900,62400,3,68,704,3,109,0,47,13,51.0,13.8,0.05084745762711865,0.0,0.0,0.0,0.027522935779816515,10.352941176470589
216,59,1420,50000,3,90,766,0,97,0,55,20,51.0,13.8,0.05084745762711865,0.0,0.0,0.0,0.0,8.511111111111111
217,58,896,55700,3,63,1040,2,86,0,56,28,51.0,13.7,0.05172413793103448,0.0,0.0,0.0,0.023255813953488372,16.50793650793651
218,58,177,30704,4,70,636,4,108,0,68,16,51.0,13.7,0.06896551724137931,0.0,0.0,0.0,0.037037037037037035,9.085714285714285
219,57,2470,53800,4,98,926,4,147,0,53,14,51.0,13.6,0.07017543859649122,0.0,0.0,0.0,0.027210884353741496,9.448979591836734
221,54,320,47000,2,222,1600,0,15,0,55,19,51.0,13.5,0.037037037037037035,0.0,0.0,0.0,0.0,7.207207207207207
222,54,256,54600,3,112,780,0,127,0,52,18,51.0,13.5,0.05555555555555555,0.0,0.0,0.0,0.0,6.964285714285714
223,54,281,44100,4,89,833,4,126,0,55,17,51.0,13.5,0.07407407407407407,0.0,0.0,0.0,0.031746031746031744,9.359550561797754
224,54,281,44100,4,89,833,4,126,0,55,17,51.0,13.5,0.07407407407407407,0.0,0.0,0.0,0.031746031746031744,9.359550561797754
225,52,1710,56300,3,87,934,5,82,0,58,51,51.0,13.5,0.057692307692307696,0.0,0.0,0.0,0.06097560975609756,10.735632183908047
226,52,645,71300,22,203,1760,5,51,0,42,5,51.0,13.5,0.4230769230769231,0.0,0.0,0.0,0.09803921568627451,8.669950738916256
227,52,322,39300,3,128,754,4,60,0,59,21,51.0,13.5,0.057692307692307696,0.0,0.0,0.0,0.06666666666666667,5.890625
228,52,1550,58400,3,90,681,0,68,0,50,11,51.0,13.5,0.057692307692307696,0.0,0.0,0.0,0.0,7.566666666666666
230,50,205,55200,4,70,758,4,105,0,54,20,51.0,13.4,0.08,0.0,0.0,0.0,0.0380952380952381,10.82857142857143
231,49,352,54600,4,87,1030,3,112,0,56,20,51.0,13.4,0.08163265306122448,0.0,0.0,0.0,0.026785714285714284,11.839080459770114
232,49,398,40800,2,58,710,3,85,0,57,20,51.0,13.4,0.04081632653061224,0.0,0.0,0.0,0.03529411764705882,12.241379310344827
233,48,245,58500,3,112,914,3,77,0,50,15,51.0,13.4,0.0625,0.0,0.0,0.0,0.03896103896103896,8.160714285714286
234,48,1330,58900,4,124,1010,3,79,0,55,16,51.0,13.4,0.08333333333333333,0.0,0.0,0.0,0.0379746835443038,8.14516129032258
235,48,71,21093,3,36,673,4,144,0,58,26,51.0,13.4,0.0625,0.0,0.0,0.0,0.027777777777777776,18.694444444444443
236,48,252,56800,2,62,651,0,112,0,54,16,51.0,13.4,0.041666666666666664,0.0,0.0,0.0,0.0,10.5
237,48,289,57400,3,56,650,5,132,0,55,13,51.0,13.4,0.0625,0.0,0.0,0.0,0.03787878787878788,11.607142857142858
238,47,400,48200,4,74,621,0,57,0,54,20,51.0,13.4,0.0851063829787234,0.0,0.0,0.0,0.0,8.391891891891891
239,47,366,44500,2,88,966,5,73,0,57,15,51.0,13.4,0.0425531914893617,0.0,0.0,0.0,0.0684931506849315,10.977272727272727
240,46,390,40200,3,127,827,4,54,0,59,13,51.0,13.4,0.06521739130434782,0.0,0.0,0.0,0.07407407407407407,6.511811023622047
241,46,227,46700,2,67,735,3,122,0,59,17,51.0,13.4,0.043478260869565216,0.0,0.0,0.0,0.02459016393442623,10.970149253731343
242,42,2580,64500,1,25,660,0,56,0,60,37,51.0,13.4,0.023809523809523808,0.0,0.0,0.0,0.0,26.4
243,40,266,56300,4,86,1110,3,106,0,57,21,51.0,13.4,0.1,0.0,0.0,0.0,0.02830188679245283,12.906976744186046
244,40,511,63600,3,95,2190,0,74,0,55,18,51.0,13.4,0.075,0.0,0.0,0.0,0.0,23.05263157894737
245,39,1860,57900,3,69,711,4,96,0,56,27,51.0,13.4,0.07692307692307693,0.0,0.0,0.0,0.041666666666666664,10.304347826086957
246,39,1060,50800,4,74,804,5,83,0,56,58,51.0,13.4,0.10256410256410256,0.0,0.0,0.0,0.060240963855421686,10.864864864864865
247,38,461,55900,4,126,3580,3,136,0,54,17,51.0,13.4,0.10526315789473684,0.0,0.0,0.0,0.022058823529411766,28.41269841269841
248,38,191,60800,2,49,350,0,150,0,53,22,51.0,13.4,0.05263157894736842,0.0,0.0,0.0,0.0,7.142857142857143
249,37,224,49900,3,39,1030,8,51,0,59,29,51.0,13.4,0.08108108108108109,0.0,0.0,0.0,0.1568627450980392,26.41025641025641
250,37,44788,44090,5,313,1776,8,4,0,72,5,19.0,13.4,0.13513513513513514,0.0,0.0,0.0,2.0,5.674121405750799
251,37,280,48100,3,43,535,2,78,0,56,15,51.0,13.4,0.08108108108108109,0.0,0.0,0.0,0.02564102564102564,12.44186046511628
252,37,493,48700,2,75,1190,0,62,0,60,24,51.0,13.4,0.05405405405405406,0.0,0.0,0.0,0.0,15.866666666666667
253,36,247,54000,4,58,776,4,157,0,57,16,51.0,13.4,0.1111111111111111,0.0,0.0,0.0,0.025477707006369428,13.379310344827585
254,35,438,53300,3,50,547,0,44,0,55,13,51.0,13.4,0.08571428571428572,0.0,0.0,0.0,0.0,10.94
255,35,302,39700,3,98,654,4,79,0,60,13,51.0,13.4,0.08571428571428572,0.0,0.0,0.0,0.05063291139240506,6.673469387755102
256,35,232,61400,3,78,766,0,91,0,50,12,51.0,13.4,0.08571428571428572,0.0,0.0,0.0,0.0,9.820512820512821
257,35,336,51000,4,75,587,9,96,0,58,8,51.0,13.4,0.11428571428571428,0.0,0.0,0.0,0.09375,7.826666666666667
258,3,1480,13500,37,126,319,87,32,0,55,2,33.4,13.4,12.333333333333334,0.0,0.0,0.0,2.71875,2.5317460317460316
259,34,7200,51200,3,380,1680,0,0,0,75,25,51.0,13.4,0.08823529411764706,0.0,0.0,0.0,0.0,4.421052631578948
260,34,394,43300,2,72,702,4,37,0,52,17,51.0,13.4,0.058823529411764705,0.0,0.0,0.0,0.10810810810810811,9.75
261,33,312,44100,4,88,738,0,91,0,56,8,51.0,13.4,0.12121212121212122,0.0,0.0,0.0,0.0,8.386363636363637
262,33,2000,48700,2,53,486,0,184,0,49,47,51.0,13.4,0.06060606060606061,0.0,0.0,0.0,0.0,9.169811320754716
263,32,7150,66200,4,666,6450,5,0,0,53,63,51.0,13.4,0.125,0.0,0.0,0.0,0.0,9.684684684684685
264,30,1310,49700,3,45,641,3,111,0,48,15,51.0,13.4,0.1,0.0,0.0,0.0,0.02702702702702703,14.244444444444444
265,30,298,55400,4,105,920,3,83,0,58,18,51.0,13.4,0.13333333333333333,0.0,0.0,0.0,0.03614457831325301,8.761904761904763
266,30,302,56700,3,54,604,3,69,0,57,13,51.0,13.4,0.1,0.0,0.0,0.0,0.043478260869565216,11.185185185185185
267,30,510,35200,2,46,691,0,70,0,60,25,51.0,13.4,0.06666666666666667,0.0,0.0,0.0,0.0,15.021739130434783
268,30,466,41900,2,42,439,0,79,0,60,19,51.0,13.4,0.06666666666666667,0.0,0.0,0.0,0.0,10.452380952380953
270,29,277,44200,3,95,607,0,89,0,57,14,51.0,13.4,0.10344827586206896,0.0,0.0,0.0,0.0,6.389473684210526
271,29,266,48500,2,74,725,4,78,0,60,43,51.0,13.4,0.06896551724137931,0.0,0.0,0.0,0.05128205128205128,9.797297297297296
272,29,396,52500,2,53,569,3,115,0,60,27,51.0,13.4,0.06896551724137931,0.0,0.0,0.0,0.02608695652173913,10.735849056603774
273,28,289,50300,5,157,787,3,51,0,59,31,51.0,13.4,0.17857142857142858,0.0,0.0,0.0,0.058823529411764705,5.012738853503185
274,27,489,60200,11,181,591,4,11,0,46,3,32.0,13.4,0.4074074074074074,0.0,0.0,0.0,0.36363636363636365,3.265193370165746
275,27,246,52900,3,66,725,0,122,0,55,11,51.0,13.4,0.1111111111111111,0.0,0.0,0.0,0.0,10.984848484848484
277,26,321,48300,3,68,598,0,62,0,60,19,51.0,13.4,0.11538461538461539,0.0,0.0,0.0,0.0,8.794117647058824
278,26,8500,51200,2,238,1150,0,3,0,44,7,6.5,13.4,0.07692307692307693,0.0,0.0,0.0,0.0,4.831932773109243
279,25,1500,70400,9,482,2470,4,0,0,54,10,6.5,13.4,0.36,0.0,0.0,0.0,0.0,5.124481327800829
280,25,2060,50300,3,42,552,0,102,0,55,15,51.0,13.4,0.12,0.0,0.0,0.0,0.0,13.142857142857142
281,24,17200,41600,0,68,230,0,0,0,53,15,51.0,13.4,0.0,0.0,0.0,0.0,0.0,3.3823529411764706
282,24,1970,64100,2,34,398,0,92,0,53,13,51.0,13.4,0.08333333333333333,0.0,0.0,0.0,0.0,11.705882352941176
283,24,257,55700,2,47,495,4,105,0,56,15,51.0,13.4,0.08333333333333333,0.0,0.0,0.0,0.0380952380952381,10.53191489361702
284,24,2350,23200,4,332,2640,0,0,0,56,13,6.5,13.4,0.16666666666666666,0.0,0.0,0.0,0.0,7.951807228915663
285,23,1690,60700,2,43,1380,3,76,0,60,62,51.0,13.4,0.08695652173913043,0.0,0.0,0.0,0.039473684210526314,32.093023255813954
286,23,505,58100,2,49,807,0,48,0,54,69,51.0,13.4,0.08695652173913043,0.0,0.0,0.0,0.0,16.46938775510204
287,23,14800,40700,1,449,2720,3,0,0,57,89,51.0,13.4,0.043478260869565216,0.0,0.0,0.0,0.0,6.057906458797327
288,23,6480,42100,5,530,1760,0,0,0,58,22,51.0,13.4,0.21739130434782608,0.0,0.0,0.0,0.0,3.3207547169811322
291,21,364,57700,3,40,967,3,68,0,60,15,51.0,13.4,0.14285714285714285,0.0,0.0,0.0,0.04411764705882353,24.175
292,21,6240,52400,3,788,4290,7,0,0,56,41,51.0,13.4,0.14285714285714285,0.0,0.0,0.0,0.0,5.444162436548224
294,21,2710,5600,5,167,1260,3,0,0,51,10,6.5,13.4,0.23809523809523808,0.0,0.0,0.0,0.0,7.544910179640719
295,21,243,48800,0,19,187,0,65,0,57,18,51.0,13.4,0.0,0.0,0.0,0.0,0.0,9.842105263157896
296,20,4530,53000,2,842,2750,0,0,0,53,4,19.0,13.4,0.1,0.0,0.0,0.0,0.0,3.2660332541567696
297,20,17400,59600,4,395,999,16,4,0,46,31,51.0,13.4,0.2,0.0,0.0,0.0,4.0,2.529113924050633
298,20,14453,52582,7,66,568,2,1,0,73,5,19.0,13.4,0.35,0.0,0.0,0.0,2.0,8.606060606060606
299,19,3490,30000,1,374,728,0,0,0,53,5,19.0,13.4,0.05263157894736842,0.0,0.0,0.0,0.0,1.946524064171123
300,4,893,69100,24,96,707,60,17,0,51,4,19.0,13.4,6.0,0.0,0.0,0.0,3.5294117647058822,7.364583333333333
301,10,8010,36900,2,441,891,3,0,0,51,17,51.0,13.4,0.2,0.0,0.0,0.0,0.0,2.020408163265306
302,10,254,56500,4,71,1020,0,108,0,53,22,51.0,13.4,0.4,0.0,0.0,0.0,0.0,14.366197183098592
303,10,881,47800,2,54,1100,0,102,0,58,27,51.0,13.4,0.2,0.0,0.0,0.0,0.0,20.37037037037037
304,10,2060,6440,2,97,549,0,0,0,57,7,33.4,13.4,0.2,0.0,0.0,0.0,0.0,5.65979381443299
307,9,228,45900,2,44,515,0,128,0,48,72,51.0,13.4,0.2222222222222222,0.0,0.0,0.0,0.0,11.704545454545455
308,9,13000,45000,2,526,2050,0,0,0,60,24,51.0,13.4,0.2222222222222222,0.0,0.0,0.0,0.0,3.897338403041825
309,9,12000,45100,4,475,1570,0,0,0,54,12,51.0,13.4,0.4444444444444444,0.0,0.0,0.0,0.0,3.305263157894737
310,9,2200,58100,6,432,7980,17,0,0,37,21,6.1,13.4,0.6666666666666666,0.0,0.0,0.0,0.0,18.47222222222222
311,9,278,53900,2,34,1120,0,55,0,53,38,51.0,13.4,0.2222222222222222,0.0,0.0,0.0,0.0,32.94117647058823
313,9,2700,73600,4,238,5050,6,0,0,54,12,6.5,13.4,0.4444444444444444,0.0,0.0,0.0,0.0,21.218487394957982
314,9,17000,53500,4,173,1370,3,0,0,54,5,51.0,13.4,0.4444444444444444,0.0,0.0,0.0,0.0,7.91907514450867
315,9,2490,57000,2,42,351,3,184,0,49,66,51.0,13.4,0.2222222222222222,0.0,0.0,0.0,0.016304347826086956,8.357142857142858
316,8,1210,27000,3,166,454,0,43,0,55,18,51.0,13.4,0.375,0.0,0.0,0.0,0.0,2.7349397590361444
317,8,5570,22800,2,323,989,0,0,0,38,24,51.0,13.4,0.25,0.0,0.0,0.0,0.0,3.0619195046439627
318,8,8470,44500,3,318,569,12,0,0,51,18,51.0,13.4,0.375,0.0,0.0,0.0,0.0,1.7893081761006289
319,8,12200,49200,6,646,3020,0,0,0,55,17,51.0,13.4,0.75,0.0,0.0,0.0,0.0,4.674922600619195
320,8,16200,52900,4,434,1890,0,0,0,53,14,51.0,13.4,0.5,0.0,0.0,0.0,0.0,4.354838709677419
321,8,8600,40900,4,580,1750,0,0,0,58,8,51.0,13.4,0.5,0.0,0.0,0.0,0.0,3.0172413793103448
322,8,292,47300,3,39,1390,0,79,0,55,28,51.0,13.4,0.375,0.0,0.0,0.0,0.0,35.64102564102564
323,8,117,47900,2,20,491,0,75,0,53,15,51.0,13.4,0.25,0.0,0.0,0.0,0.0,24.55
324,8,352,26900,2,38,506,4,75,0,52,24,51.0,13.4,0.25,0.0,0.0,0.0,0.05333333333333334,13.31578947368421
325,8,189,39923,1,37,698,3,78,0,71,41,51.0,13.4,0.125,0.0,0.0,0.0,0.038461538461538464,18.864864864864863
327,8,1140,55600,2,42,424,3,158,0,52,75,51.0,13.4,0.25,0.0,0.0,0.0,0.0189873417721519,10.095238095238095
328,7,7290,34700,0,463,975,3,0,0,54,44,51.0,13.4,0.0,0.0,0.0,0.0,0.0,2.1058315334773217
329,7,5860,28700,0,360,557,0,0,0,52,19,51.0,13.4,0.0,0.0,0.0,0.0,0.0,1.5472222222222223
330,7,8570,38900,5,593,2360,0,0,0,57,42,51.0,13.4,0.7142857142857143,0.0,0.0,0.0,0.0,3.9797639123102866
331,7,10300,50500,6,725,2120,0,0,0,55,16,51.0,13.4,0.8571428571428571,0.0,0.0,0.0,0.0,2.924137931034483
332,7,1160,46900,4,527,1530,0,0,0,57,13,51.0,13.4,0.5714285714285714,0.0,0.0,0.0,0.0,2.903225806451613
333,7,420,63600,16,545,10600,7,5,0,39,16,6.2,13.4,2.2857142857142856,0.0,0.0,0.0,1.4,19.44954128440367
334,7,339,43800,2,31,644,0,167,0,56,24,51.0,13.4,0.2857142857142857,0.0,0.0,0.0,0.0,20.774193548387096
335,7,1200,51100,2,52,1340,0,67,0,54,24,51.0,13.4,0.2857142857142857,0.0,0.0,0.0,0.0,25.76923076923077
336,7,492,9748,1,54,221,0,0,0,66,3,51.0,13.4,0.14285714285714285,0.0,0.0,0.0,0.0,4.092592592592593
337,7,19100,46700,0,47,700,0,0,0,46,16,6.5,13.4,0.0,0.0,0.0,0.0,0.0,14.893617021276595
338,7,4560,43900,5,444,1580,4,0,0,56,29,51.0,13.4,0.7142857142857143,0.0,0.0,0.0,0.0,3.5585585585585586
339,6,4970,52300,5,587,4230,5,0,0,47,4,19.0,13.4,0.8333333333333334,0.0,0.0,0.0,0.0,7.206132879045996
340,6,10200,41700,0,434,908,3,0,0,57,17,51.0,13.4,0.0,0.0,0.0,0.0,0.0,2.0921658986175116
341,6,4570,22500,2,451,1500,0,0,0,57,31,51.0,13.4,0.3333333333333333,0.0,0.0,0.0,0.0,3.3259423503325944
342,6,10600,58100,2,575,1370,0,0,0,50,2,33.6,13.4,0.3333333333333333,0.0,0.0,0.0,0.0,2.382608695652174
343,6,9550,49600,6,649,2960,0,0,0,48,14,51.0,13.4,1.0,0.0,0.0,0.0,0.0,4.560862865947612
344,6,7300,44400,7,788,3030,0,0,0,51,12,51.0,13.4,1.1666666666666667,0.0,0.0,0.0,0.0,3.8451776649746194
345,6,9960,53700,6,678,2220,0,0,0,55,10,51.0,13.4,1.0,0.0,0.0,0.0,0.0,3.274336283185841
346,6,6510,37400,4,529,1540,0,0,0,55,9,51.0,13.4,0.6666666666666666,0.0,0.0,0.0,0.0,2.9111531190926274
347,6,11800,44900,4,562,1670,0,0,0,54,12,51.0,13.4,0.6666666666666666,0.0,0.0,0.0,0.0,2.9715302491103204
348,6,5790,30900,5,705,2250,0,0,0,58,9,51.0,13.4,0.8333333333333334,0.0,0.0,0.0,0.0,3.1914893617021276
349,6,11600,44500,5,581,1870,0,0,0,57,11,51.0,13.4,0.8333333333333334,0.0,0.0,0.0,0.0,3.2185886402753874
350,6,177,55400,0,17,413,0,35,0,54,21,51.0,13.4,0.0,0.0,0.0,0.0,0.0,24.294117647058822
351,6,222,42000,2,36,311,0,175,0,56,22,51.0,13.4,0.3333333333333333,0.0,0.0,0.0,0.0,8.63888888888889
352,5,6410,45800,3,465,2850,0,0,0,60,79,51.0,13.4,0.6,0.0,0.0,0.0,0.0,6.129032258064516
353,5,10800,43300,0,491,1140,3,0,0,53,21,51.0,13.4,0.0,0.0,0.0,0.0,0.0,2.3217922606924644
354,5,17400,43000,0,258,1130,0,0,0,49,40,51.0,13.4,0.0,0.0,0.0,0.0,0.0,4.37984496124031
355,5,18200,66100,5,475,846,11,0,0,55,12,51.0,13.4,1.0,0.0,0.0,0.0,0.0,1.7810526315789474
356,5,4460,33100,7,689,2410,0,0,0,54,12,51.0,13.4,1.4,0.0,0.0,0.0,0.0,3.497822931785196
357,5,10500,47300,7,696,2820,0,0,0,57,17,51.0,13.4,1.4,0.0,0.0,0.0,0.0,4.051724137931035
358,5,3860,29300,4,739,2030,0,0,0,59,11,51.0,13.4,0.8,0.0,0.0,0.0,0.0,2.746955345060893
359,5,8930,34900,5,466,1930,0,0,0,55,33,51.0,13.4,1.0,0.0,0.0,0.0,0.0,4.141630901287554
360,5,9880,41700,5,582,1720,0,0,0,52,13,51.0,13.4,1.0,0.0,0.0,0.0,0.0,2.9553264604811
361,5,7550,47400,5,746,24200,0,0,0,56,11,51.0,13.4,1.0,0.0,0.0,0.0,0.0,32.43967828418231
362,5,5300,39600,5,685,2090,0,0,0,58,13,51.0,13.4,1.0,0.0,0.0,0.0,0.0,3.051094890510949
363,5,15700,60200,10,507,5330,19,14,0,55,17,51.0,13.4,2.0,0.0,0.0,0.0,1.3571428571428572,10.512820512820513
364,5,1210,54600,0,22,226,0,68,0,51,26,51.0,13.4,0.0,0.0,0.0,0.0,0.0,10.272727272727273
365,5,16100,53200,2,90,93,0,0,0,45,4,19.0,13.4,0.4,0.0,0.0,0.0,0.0,1.0333333333333334
366,4,17000,72100,5,344,2380,3,0,0,55,3,19.1,13.4,1.25,0.0,0.0,0.0,0.0,6.9186046511627906
367,4,22200,48400,0,82,499,0,0,0,44,10,51.0,13.4,0.0,0.0,0.0,0.0,0.0,6.085365853658536
368,4,18900,53900,4,152,825,0,0,0,54,2,33.4,13.4,1.0,0.0,0.0,0.0,0.0,5.427631578947368
369,4,6890,24800,0,322,825,0,0,0,55,18,51.0,13.4,0.0,0.0,0.0,0.0,0.0,2.562111801242236
370,4,4990,35200,7,760,2600,0,0,0,56,11,51.0,13.4,1.75,0.0,0.0,0.0,0.0,3.4210526315789473
371,4,3910,24600,6,599,2310,0,0,0,52,14,51.0,13.4,1.5,0.0,0.0,0.0,0.0,3.8564273789649417
372,4,4300,26200,6,656,2090,0,0,0,55,11,51.0,13.4,1.5,0.0,0.0,0.0,0.0,3.1859756097560976
373,4,4690,27400,6,595,2130,0,0,0,55,8,51.0,13.4,1.5,0.0,0.0,0.0,0.0,3.5798319327731094
374,4,9600,55200,7,785,2690,0,0,0,57,14,51.0,13.4,1.75,0.0,0.0,0.0,0.0,3.426751592356688
375,4,4070,30900,6,664,2440,0,0,0,57,11,51.0,13.4,1.5,0.0,0.0,0.0,0.0,3.674698795180723
376,4,4860,34500,4,735,2010,0,0,0,59,9,51.0,13.4,1.0,0.0,0.0,0.0,0.0,2.7346938775510203
377,4,9660,22200,0,51,275,0,0,0,51,31,51.0,13.4,0.0,0.0,0.0,0.0,0.0,5.392156862745098
378,4,7917,72870,4,171,2499,9,1,0,68,7,6.5,13.4,1.0,0.0,0.0,0.0,9.0,14.614035087719298
379,4,19100,49000,2,92,736,0,0,0,48,4,19.0,13.4,0.5,0.0,0.0,0.0,0.0,8.0
380,4,10600,49300,1,364,2020,4,0,0,56,76,51.0,13.4,0.25,0.0,0.0,0.0,0.0,5.549450549450549
381,4,425,54300,3,68,508,0,99,0,49,48,51.0,13.4,0.75,0.0,0.0,0.0,0.0,7.470588235294118
382,4,19700,50400,0,69,188,0,0,0,55,5,51.0,13.4,0.0,0.0,0.0,0.0,0.0,2.7246376811594204
383,3,8020,50100,6,569,3710,16,0,0,27,6,19.0,13.4,2.0,0.0,0.0,0.0,0.0,6.520210896309314
384,3,1940,53800,2,29,650,0,49,0,49,22,51.0,13.4,0.6666666666666666,0.0,0.0,0.0,0.0,22.413793103448278
385,3,16900,45900,2,61,549,2,0,0,53,10,51.0,13.4,0.6666666666666666,0.0,0.0,0.0,0.0,9.0
386,3,309,38500,2,39,791,3,99,0,54,183,51.0,13.4,0.6666666666666666,0.0,0.0,0.0,0.030303030303030304,20.28205128205128
387,3,3660,40100,4,669,1720,4,0,0,54,20,51.0,13.4,1.3333333333333333,0.0,0.0,0.0,0.0,2.571001494768311
388,3,17600,50900,3,426,2480,0,0,0,59,40,51.0,13.4,1.0,0.0,0.0,0.0,0.0,5.821596244131455
389,3,5040,29500,2,510,1230,0,0,0,58,33,51.0,13.4,0.6666666666666666,0.0,0.0,0.0,0.0,2.411764705882353
390,3,7880,32100,1,368,863,0,0,0,58,23,51.0,13.4,0.3333333333333333,0.0,0.0,0.0,0.0,2.345108695652174
391,3,11200,36100,0,120,293,0,0,0,53,15,51.0,13.4,0.0,0.0,0.0,0.0,0.0,2.441666666666667
392,3,13900,3600,1,296,5070,17,0,0,60,35,51.0,13.4,0.3333333333333333,0.0,0.0,0.0,0.0,17.12837837837838
393,3,12200,36300,2,452,6050,0,0,0,55,52,51.0,13.4,0.6666666666666666,0.0,0.0,0.0,0.0,13.38495575221239
394,3,4070,34800,7,761,2570,0,0,0,55,12,51.0,13.4,2.3333333333333335,0.0,0.0,0.0,0.0,3.3771353482260182
395,3,45100,31200,5,568,2160,3,2,0,54,11,51.0,13.4,1.6666666666666667,0.0,0.0,0.0,1.5,3.8028169014084505
396,3,3710,25100,6,610,2070,0,0,0,54,9,51.0,13.4,2.0,0.0,0.0,0.0,0.0,3.3934426229508197
397,3,7951,50923,11,319,3716,10,5,0,57,3,19.1,13.4,3.6666666666666665,0.0,0.0,0.0,2.0,11.648902821316614
398,3,220,54300,2,24,246,0,153,0,48,12,51.0,13.4,0.6666666666666666,0.0,0.0,0.0,0.0,10.25
399,3,9730,42000,10,532,1320,21,4,0,46,4,19.0,13.4,3.3333333333333335,0.0,0.0,0.0,5.25,2.481203007518797
400,3,5810,31900,9,369,1050,18,3,0,55,4,19.0,13.4,3.0,0.0,0.0,0.0,6.0,2.845528455284553
401,3,11200,57300,3,483,1230,0,0,0,57,4,19.0,13.4,1.0,0.0,0.0,0.0,0.0,2.546583850931677
402,3,15700,59900,1,103,555,0,0,0,43,8,6.5,13.4,0.3333333333333333,0.0,0.0,0.0,0.0,5.388349514563107
403,2,15700,51300,4,358,2770,2,0,0,42,4,19.0,13.4,2.0,0.0,0.0,0.0,0.0,7.737430167597766
404,2,16072,46688,1,70,435,0,0,0,51,6,6.5,13.4,0.5,0.0,0.0,0.0,0.0,6.214285714285714
405,2,12704,33134,2,32,801,3,3,0,63,5,19.1,13.4,1.0,0.0,0.0,0.0,1.0,25.03125
406,0,23500,50600,0,29,347,0,0,0,45,10,6.5,13.4,0.0,0.0,0.0,0.0,0.0,11.96551724137931
408,0,20600,46500,2,152,823,8,2,0,49,33,51.0,13.4,0.0,0.0,0.0,0.0,4.0,5.4144736842105265
409,0,15115,48813,2,97,915,6,1,0,49,14,6.5,13.4,0.0,0.0,0.0,0.0,6.0,9.43298969072165
410,0,19100,58400,0,72,629,0,0,0,53,13,6.5,13.4,0.0,0.0,0.0,0.0,0.0,8.73611111111111
411,0,18600,44400,0,67,511,3,0,0,56,19,6.5,13.4,0.0,0.0,0.0,0.0,0.0,7.626865671641791
412,0,21900,46200,0,46,520,3,0,0,36,16,6.5,13.4,0.0,0.0,0.0,0.0,0.0,11.304347826086957
413,0,21300,46200,0,51,658,0,0,0,41,9,6.5,13.4,0.0,0.0,0.0,0.0,0.0,12.901960784313726
414,0,16443,43308,1,10,348,0,0,0,73,5,6.5,13.4,0.0,0.0,0.0,0.0,0.0,34.8
415,0,20000,54700,3,117,699,0,0,0,51,2,40.8,13.4,0.0,0.0,0.0,0.0,0.0,5.9743589743589745
416,0,16600,49300,3,105,624,0,0,0,55,4,19.0,13.4,0.0,0.0,0.0,0.0,0.0,5.942857142857143
417,0,17000,55600,4,182,1100,0,0,0,57,5,19.0,13.4,0.0,0.0,0.0,0.0,0.0,6.043956043956044
418,0,21200,60000,5,123,767,0,0,0,50,4,19.0,13.4,0.0,0.0,0.0,0.0,0.0,6.235772357723577
419,0,25600,47100,0,25,467,0,0,0,54,3,19.0,13.4,0.0,0.0,0.0,0.0,0.0,18.68
420,0,789,20300,6,280,502,0,0,0,51,3,32.4,13.4,0.0,0.0,0.0,0.0,0.0,1.792857142857143
421,0,21500,45600,6,197,2070,34,15,0,55,3,33.4,13.4,0.0,0.0,0.0,0.0,2.2666666666666666,10.50761421319797
422,0,23100,48600,0,202,2220,6,0,0,54,3,33.4,13.4,0.0,0.0,0.0,0.0,0.0,10.990099009900991
423,0,16100,38600,0,251,5620,21,0,0,56,44,51.0,13.4,0.0,0.0,0.0,0.0,0.0,22.390438247011954
424,0,14700,36500,2,284,3820,0,0,0,57,42,51.0,13.4,0.0,0.0,0.0,0.0,0.0,13.450704225352112
425,0,9444,35331,3,358,5507,6,0,0,75,75,51.0,13.4,0.0,0.0,0.0,0.0,0.0,15.38268156424581
426,0,27300,65600,0,56,202,0,0,0,48,3,19.0,13.4,0.0,0.0,0.0,0.0,0.0,3.607142857142857
427,0,1230,10500,2,113,326,0,0,0,56,5,19.0,13.4,0.0,0.0,0.0,0.0,0.0,2.8849557522123894
428,0,4330,11200,0,81,192,0,0,0,57,4,19.0,13.4,0.0,0.0,0.0,0.0,0.0,2.3703703703703702
429,0,19900,43300,0,114,782,0,0,0,54,6,19.0,13.4,0.0,0.0,0.0,0.0,0.0,6.859649122807017
430,0,25800,57100,0,49,427,0,0,0,49,11,6.5,13.4,0.0,0.0,0.0,0.0,0.0,8.714285714285714
431,0,22800,46800,0,66,914,0,0,0,51,4,19.0,13.4,0.0,0.0,0.0,0.0,0.0,13.848484848484848
432,0,23200,45800,0,40,620,0,0,0,52,5,19.0,13.4,0.0,0.0,0.0,0.0,0.0,15.5
433,0,24100,49300,0,84,779,6,0,0,47,7,6.7,13.4,0.0,0.0,0.0,0.0,0.0,9.273809523809524
434,0,24300,50200,0,54,738,0,0,0,55,4,19.0,13.4,0.0,0.0,0.0,0.0,0.0,13.666666666666666
435,0,448,38900,2,24,482,0,99,0,53,12,51.0,13.4,0.0,0.0,0.0,0.0,0.0,20.083333333333332
436,0,22800,44600,0,36,585,0,0,0,51,34,51.0,13.4,0.0,0.0,0.0,0.0,0.0,16.25
437,0,16000,48000,2,426,1360,0,0,0,54,4,19.0,13.4,0.0,0.0,0.0,0.0,0.0,3.192488262910798
438,0,23900,45900,0,49,466,0,0,0,53,4,19.0,13.4,0.0,0.0,0.0,0.0,0.0,9.510204081632653
439,0,20300,62500,0,78,190,0,0,0,56,5,19.0,13.4,0.0,0.0,0.0,0.0,0.0,2.4358974358974357
440,0,19500,54800,0,73,196,0,0,0,56,4,19.0,13.4,0.0,0.0,0.0,0.0,0.0,2.684931506849315
441,0,18400,51700,0,61,304,0,0,0,50,6,19.0,13.4,0.0,0.0,0.0,0.0,0.0,4.983606557377049
442,18,154,42800,5,127,711,3,91,0,53,7,51.0,13.4,0.2777777777777778,0.0,0.0,0.0,0.03296703296703297,5.5984251968503935
443,11,15600,45000,3,309,2240,0,3,0,53,3,19.1,13.4,0.2727272727272727,0.0,0.0,0.0,0.0,7.249190938511327
444,11,1760,56800,2,41,594,3,49,0,60,27,51.0,13.4,0.18181818181818182,0.0,0.0,0.0,0.061224489795918366,14.487804878048781
445,11,1770,48600,0,30,593,0,60,0,58,29,51.0,13.4,0.0,0.0,0.0,0.0,0.0,19.766666666666666
446,11,1780,56900,2,29,867,0,54,0,50,27,51.0,13.4,0.18181818181818182,0.0,0.0,0.0,0.0,29.896551724137932
447,11,265,50800,2,54,1050,0,63,0,50,16,51.0,13.4,0.18181818181818182,0.0,0.0,0.0,0.0,19.444444444444443
448,11,15700,41700,0,62,649,0,0,0,44,16,51.0,13.4,0.0,0.0,0.0,0.0,0.0,10.46774193548387
450,17,262,47400,2,46,1050,4,97,0,57,26,51.0,13.4,0.11764705882352941,0.0,0.0,0.0,0.041237113402061855,22.82608695652174
452,17,259,53300,2,31,561,0,56,0,54,19,51.0,13.4,0.11764705882352941,0.0,0.0,0.0,0.0,18.096774193548388
453,17,233,53500,2,40,1230,3,64,0,59,42,51.0,13.4,0.11764705882352941,0.0,0.0,0.0,0.046875,30.75
454,17,232,48600,2,47,796,0,116,0,50,23,51.0,13.4,0.11764705882352941,0.0,0.0,0.0,0.0,16.93617021276596
455,17,564,14600,5,320,2450,0,0,0,52,6,19.0,13.4,0.29411764705882354,0.0,0.0,0.0,0.0,7.65625
456,16,1050,51600,15,122,12000,0,21,0,47,5,19.0,13.4,0.9375,0.0,0.0,0.0,0.0,98.36065573770492
457,16,2020,56600,6,138,663,0,138,0,58,12,51.0,13.4,0.375,0.0,0.0,0.0,0.0,4.804347826086956
458,16,2270,65400,0,35,604,0,53,0,52,22,51.0,13.4,0.0,0.0,0.0,0.0,0.0,17.257142857142856
459,16,2030,53800,4,44,709,17,183,0,55,22,51.0,13.4,0.25,0.0,0.0,0.0,0.09289617486338798,16.113636363636363
460,12,151,48200,2,34,569,4,48,0,58,20,51.0,13.4,0.16666666666666666,0.0,0.0,0.0,0.08333333333333333,16.735294117647058
461,12,1840,61900,2,36,1560,3,72,0,55,36,51.0,13.4,0.16666666666666666,0.0,0.0,0.0,0.041666666666666664,43.333333333333336
462,12,285,52500,2,35,895,0,51,0,54,37,51.0,13.4,0.16666666666666666,0.0,0.0,0.0,0.0,25.571428571428573
463,12,465,52700,2,52,918,0,84,0,55,24,51.0,13.4,0.16666666666666666,0.0,0.0,0.0,0.0,17.653846153846153
464,12,2150,11100,2,170,1440,0,0,0,54,6,19.0,13.4,0.16666666666666666,0.0,0.0,0.0,0.0,8.470588235294118
465,15,227,52900,3,60,853,3,84,0,56,28,51.0,13.4,0.2,0.0,0.0,0.0,0.03571428571428571,14.216666666666667
466,15,334,47100,3,64,622,3,108,0,55,12,51.0,13.4,0.2,0.0,0.0,0.0,0.027777777777777776,9.71875
467,15,1280,35000,2,675,2530,0,0,0,58,8,6.5,13.4,0.13333333333333333,0.0,0.0,0.0,0.0,3.748148148148148
468,15,169,50600,5,77,532,0,72,0,54,11,51.0,13.4,0.3333333333333333,0.0,0.0,0.0,0.0,6.909090909090909
469,15,308,39700,3,64,581,5,27,0,60,18,51.0,13.4,0.2,0.0,0.0,0.0,0.18518518518518517,9.078125
